temperature,pressure
204,6.922873993232903
25,0.0235057841474665
53,0.7425562596918603
363,839.0363521923247
191,19.120073517620533
257,88.72741449379275
13,0.0005172413037539463
176,12.792048189719303
64,0.8268075538345805
399,1465.3246873219514
295,232.087669828235
239,56.25071139761429
225,34.46088585636808
112,7.625695169174917
334,497.10899951229675
